{"version":1,"hash":{"type":"Buffer","data":"kE8zn9pnzfkK5FYziWAa/530b6UFcIasbTeIAo+/flOl9LZWnVY1FeT+kfBBuD7bhmdA0h/bA8hH+pLrzhX5D/rQj2QEMCj0ieLEparkzjc2AY341yiqxUZuCVfBeo4j+74HSCJqBrTWFyUdBqoDRnNTu4noIXhVcgDG1f3l5Tg="},"indexValueMap":{"uXtPYg9x/Kx70jWpRo09Pc49MjODFm87uIPIlmsBT50=":{"valueMac":{"type":"Buffer","data":"+TaA/1T6iEChbd3Z9Eb2zNidRP9MdFExBvp255TEuaU="}},"IVP1jliSqredXXdMLBY87qp30LyhEOBfWnH0tpOO6GE=":{"valueMac":{"type":"Buffer","data":"5OQ6Zgw6DaOYg6G0FtCHSSZpz/Q+XWM2PNiYrdcGtdo="}},"ev1Ta7p9KUEovIgWOoPi67f4OdzI5vKwCnVE4TX3Wpc=":{"valueMac":{"type":"Buffer","data":"TrTqjkn6qlhqjgDZSnrGUMe5aEniRoYg6VByemelzw8="}},"jYb+XV1snR7I9IqBWconqakMiSOaTXGkpwXlKabAsN8=":{"valueMac":{"type":"Buffer","data":"/+R2/TlR3UdrCx0UMJ2DzGZgxwDFy71HKEkGhL6ppf8="}},"fp6vGIbXk2b73DtqRNAduFn42z/6T9bcS6i2tF7uEk0=":{"valueMac":{"type":"Buffer","data":"fJNLFVcbvSd83DAJV4zzZILtZ/kkbrTTs8ZVCybZv80="}},"NM9UCfeKYF2FQxUu7eMPlB+xY7lzs93s9kC297wu0Fk=":{"valueMac":{"type":"Buffer","data":"tWezt6PM9JKc5IF7Qqe9YigqhG9B0VqzQAAXSI014Cg="}}}}