{"version":2,"hash":{"type":"Buffer","data":"H1Bs4x0jPXuDU9rAfKfPE6gqTFYqxV24AnB79KTgVpiTv7w3WZdyw7cFM1TMrNRdfNgz1NikSeBy9YjA4Z1ZcsW6rCSsgUlrCE3KQ+7ey9TTazIVDIbg+RFqft6XFh9Zi0WG8QroJILEpfr2aPjjaZ9sw1ApK/oFwOgxuGXepsc="},"indexValueMap":{"4W3cU5Q3lWRr2ntJhwL5oBnzGTlw0nbfTiMmSVEW/E4=":{"valueMac":{"type":"Buffer","data":"XgdXcdW9Fb7HTPS0KPgtxK3MIhXY6SVv7G8UGCEcuuM="}},"goCp9mGr+BY6Dt+lfN6SVnpg4pn4QgXUFQVfEFHqMLE=":{"valueMac":{"type":"Buffer","data":"lm9uSCBvJmEd7o81ISG73k6mcigspGgPor0FMewhmlI="}},"hfsdlCsxO75qlHuJng5NDVbbx4MJIv5fSDYTUBtsRL8=":{"valueMac":{"type":"Buffer","data":"Mbx6Kmad56cM8YtiBRGWCH00RfOouAki1aDiIj2uG4M="}},"GumbGJ81Zk7hDaPVmMXVy3nYukdMLdXbVIuEQxBAB3Y=":{"valueMac":{"type":"Buffer","data":"7AAehBr+6GvwmE31UhoLd0PfzLBhbNz8u2YtBZ6HhiU="}},"ZOUQhMC5c2MUArdHuPDkUTqK/Hw/I6q+/Y1CLvNWsBo=":{"valueMac":{"type":"Buffer","data":"ABdpImcqyvl+H2PzHN77+uBw/SV8zZAVkKtJVwdBjDI="}},"XnYnvuwSaewcW0g9GC1g8YwUo0mcZwGr0OE7mbz1d4Q=":{"valueMac":{"type":"Buffer","data":"unpvO0nBopM2xOxYzDMhxsrn6xtxYL2LhJoauwjoCeo="}},"gJL53fHVuODkyQ6TiD4rW6xzoa98R1bU7AsB2Btfo4w=":{"valueMac":{"type":"Buffer","data":"qAgzxHkou08+4BOKzaZX3BEd8YpILvqM4Y2HJut5jWY="}}}}