{"version":1,"hash":{"type":"Buffer","data":"O7IqvFMoM/aalMtkG+YlshGq3rhl+o7xNiL05TBzV/ZLa9pYtU+pnhJY0N0HlQWfMWPLrZ63ziD8GepWrfiga9JKyDqP4XUrqNXuHVSjAsRg6tIe4JvlxvB9XkPOkToBIHuTVXTAtmWx/RCAxgoyFHb+Ark6xKIsowQTA1d+U/Q="},"indexValueMap":{"j5K2VO9V7H6YkIRXwzWnA4UuuQz7zYpNjD4gXt8cKXQ=":{"valueMac":{"type":"Buffer","data":"fBkGBE8qm1fJDk6M4F2DLya8D0iN6Ng6fmvSUgR0/B4="}},"HoayZEnInJPLh6rAMzYLtgdpkTtiURJVWizH/r1sYZU=":{"valueMac":{"type":"Buffer","data":"mwyn3aQTzhPszbLUHP3HS5LsxnkdDe2LYkNnJZGR2lI="}}}}