{"version":1,"hash":{"type":"Buffer","data":"E9rvQctFFMqXyFSRwKvG0MmEyWZTSZZCFLZa/jaUgmP6hTR5iiZbvCD+nLyrgyHFbMk56apNBb7K+DKMBHjO78ansX4M1My2yLtGC9ZsMto9YlidM/3PWVuoEX13fkbqyR0v7YrUbS2LxUFDQdM76/M3Bb9SC6rkitxkSDAtZhc="},"indexValueMap":{"mi6GNbkJe/+FIc6VnV7SiRi4XjIgxv6jHDXrT7jlf60=":{"valueMac":{"type":"Buffer","data":"H8rE31RCT8LJdA8G/3aOMEcgVweTIQkQEQJUMwFbR6c="}},"3SmzIUHsu0GO7TrNFO3fk8dIL6nqCNqob1P8r4zz6UU=":{"valueMac":{"type":"Buffer","data":"D5PGZxcnynMS1v/V/ORF3flxXUbXHlAZojak5aGqbMg="}},"JR2AG/uwmADzgY/aMH9hwgj03dj6qEFfybSTtYmxy9Y=":{"valueMac":{"type":"Buffer","data":"M2TZUC7XHO4fuUykbjBJ/8UbcSBxK7B4UQN/ZHAONXE="}},"AcroLI1nghdgSd4MJLQByRXm/+Pu40SebqBpXg9TJqM=":{"valueMac":{"type":"Buffer","data":"9s236uPHOac0t9bzK13Yr6tQ/ibhAnNKrRpKPfLWKLw="}},"5GIVALUG15h1ktK6LDpJW7usMKnvoWyJ76XRJi3Djos=":{"valueMac":{"type":"Buffer","data":"KUZ1BBj1pTgkhRJt/plNtQ3ocBLL5cdHK1K45qrEUFM="}},"nUtbYKntGAKDeq2Cl56k7Ik2VhanGHgvOdLIp3wxP/w=":{"valueMac":{"type":"Buffer","data":"/5eXGa+00kZihsgp2zcct0HRfaPGs/hxgJ59KBDZIXs="}},"nceqYMfddhqqSA/aRXMO7096hD2Sd8/v+YIy1CGgCB8=":{"valueMac":{"type":"Buffer","data":"n2M1btgcVq0nJ/ufFzSGCE0YwMZxlQDz6W98/UntISo="}},"hQb7MVcALtGn9wi2sFZlLyg/EnC8ItKpbY1Ih8dPHqM=":{"valueMac":{"type":"Buffer","data":"NGE/p0gjaV9ThaqCax+N7RMUdN2oSm7eOARRrxKWp0w="}},"3sIYB0bKgcWD1UHO0Jm6UDo4TLczohWg4JUm5nrsW/U=":{"valueMac":{"type":"Buffer","data":"5+UVeM4eIIsHITcErsbeL85PtOTA+kfm5zTyWKxozAk="}},"vxOg/IQmezSd0GZ1BdiuCY0KmdSK/5fBqGgCKFFcStE=":{"valueMac":{"type":"Buffer","data":"J6aLR5dR9BwmLLKRT9/LsmTnMInO1KjK3uqwabfHuT0="}},"FKQLH/IVVHzuShkFcQcOkazyqsMBwkh5+iRlvEgj9QM=":{"valueMac":{"type":"Buffer","data":"dcy6+L6la1lb+Q9fqYCq488hYuRPKD4+BTQERP6gVnc="}},"vSV/uwVyThGF+WOZf49A3xSO8bbUXQ2/rWHA4UVuj7w=":{"valueMac":{"type":"Buffer","data":"8s459btadGe6yoj9A+lfmDcBfxrzs141eUxK3cRGT0o="}},"Q5T05Kk5+Mz+3RVV6XlI2kMN9hhuGWyci8G3z6hP9eI=":{"valueMac":{"type":"Buffer","data":"Kb/5UIYcftWeRA+2fkb0S7/ALtK5mFV+EMr7EmgewJc="}},"gw/jS1Y3AqeBo75WjtC6Ye9dIa5oqz6Wh4KgIVf1CRM=":{"valueMac":{"type":"Buffer","data":"mK98SW31XN7bjD1fEfM5PNaCbiEGjx90INWllzf7Hx0="}},"b8RoI5ooktkDYmQ2XiwSHWfo/UY/iBKYHBDhHdMMEXg=":{"valueMac":{"type":"Buffer","data":"I9ppY3MeGBqgDZgXvjbxl/8HHMhhQp9Ii4y1q7THaso="}}}}