{"noiseKey":{"private":{"type":"Buffer","data":"mHDqPjiV0cRqYMKyJNo2/9cbotOpKAW6Q4lc/5Ff9Eo="},"public":{"type":"Buffer","data":"gs8Uc2MiiLw+YZ2xHRCG3XLKuuW1drKxnJ4hZAjT+H4="}},"pairingEphemeralKeyPair":{"private":{"type":"Buffer","data":"IAcT2A6RiFNce1kaSw32brVDkZO9XW9r/qH4WKWlBX4="},"public":{"type":"Buffer","data":"41kYPmEQVotB0iC8S7B7q5EzBXt+8h+E9S0IkoWZahc="}},"signedIdentityKey":{"private":{"type":"Buffer","data":"WEt83JOyQkPxzxFLeWzLRQtd/XI+ARGnFfXvaW+2+Fw="},"public":{"type":"Buffer","data":"yV6CNLQ0Z1tME1j/X5iZfLf3wQ1JBxGhYyXnQCq0OHM="}},"signedPreKey":{"keyPair":{"private":{"type":"Buffer","data":"aMYY4ynk8r2uUO5JbkKg2xyxCJXcFzuX105pdteIYnM="},"public":{"type":"Buffer","data":"kpRx9XCdegDrUNd2+ZPEsVSzFd2ZyeCrWW0IErcgiiE="}},"signature":{"type":"Buffer","data":"kb2sbfllOY2sdQ3zK+Io/pzwfRM3kYVLV7OPlbRvcl21gTJLqa2yi3FGeanzdme17V33J3nRSmJq9/5ExRqOBw=="},"keyId":1},"registrationId":252,"advSecretKey":"uQh5T7kefan1guwrkjon5xrFLlV7fV2oA5Za/rU2S1Y=","processedHistoryMessages":[{"key":{"remoteJid":"639511602879@s.whatsapp.net","fromMe":true,"id":"8BBB5B2494A0E8B0F950C1C3A5FC4B2A"},"messageTimestamp":1750888936},{"key":{"remoteJid":"639511602879@s.whatsapp.net","fromMe":true,"id":"0E5D40F5009EA3F39AC9B5D3E74DB0B8"},"messageTimestamp":1750888936},{"key":{"remoteJid":"639511602879@s.whatsapp.net","fromMe":true,"id":"87D10048D98CE554121AD2ECAC39AC93"},"messageTimestamp":1750888937},{"key":{"remoteJid":"639511602879@s.whatsapp.net","fromMe":true,"id":"61015E34E42EE165B4E8AEFC72583AA5"},"messageTimestamp":1750888937}],"nextPreKeyId":31,"firstUnuploadedPreKeyId":31,"accountSyncCounter":1,"accountSettings":{"unarchiveChats":false},"registered":false,"account":{"details":"CNbWtuoFEOLj8cIGGAEgACgA","accountSignatureKey":"csKkXB2Tjiy/U2r/SUiESW574tikRaUs/65Y8KHFHhw=","accountSignature":"bUhHzu7prP+TWRAavORsVdYgpIY8jUnz4EKawbQcE6/Di6jRGzIkh2rpF7nS2T+2LqHKUvBD797IQFfIJORQBw==","deviceSignature":"p4Qv4X4bgoTcUVbbDkXQkLkWl3TwkHQdMl1Q4c4e0ynGStdS8pNwvC/OzRRj0/knARn2MlNCqDNWpmlJc64qAQ=="},"me":{"id":"639511602879:16@s.whatsapp.net","lid":"188446689775689:16@lid","name":"SamNa"},"signalIdentities":[{"identifier":{"name":"639511602879:16@s.whatsapp.net","deviceId":0},"identifierKey":{"type":"Buffer","data":"BXLCpFwdk44sv1Nq/0lIhElue+LYpEWlLP+uWPChxR4c"}}],"platform":"android","routingInfo":{"type":"Buffer","data":"CAIIBQ=="},"lastAccountSyncTimestamp":1750888987,"lastPropHash":"1K4hH4","myAppStateKeyId":"AAAAADB2"}