{"_sessions":{"BTGjTzoxsFEo35R/J2y94SYPQ3/NM1JiSyk4QyPmxngd":{"registrationId":632208973,"currentRatchet":{"ephemeralKeyPair":{"pubKey":"BY0YZl87ZGlunwib6kGMo+XfWvWqvD8jRk8dIElEOKdP","privKey":"KNfzW9DxT8T+pVGN56rGROs1UXP0E0zE31MENnsMW18="},"lastRemoteEphemeralKey":"Bf/y4aaE8Wi4qDrO6/IJ02ESngFhZL5uXBVgRrsAJD4c","previousCounter":0,"rootKey":"DLEe0Sj9iNxJphvhq9hgbEywKRjBosrjhTvJQJN6ic0="},"indexInfo":{"baseKey":"BTGjTzoxsFEo35R/J2y94SYPQ3/NM1JiSyk4QyPmxngd","baseKeyType":2,"closed":-1,"used":1750888948567,"created":1750888948567,"remoteIdentityKey":"BXLCpFwdk44sv1Nq/0lIhElue+LYpEWlLP+uWPChxR4c"},"_chains":{"Bf/y4aaE8Wi4qDrO6/IJ02ESngFhZL5uXBVgRrsAJD4c":{"chainKey":{"counter":18,"key":"ygKo0OmlwFtKQaZXNzLET2ZETwsXDhqSmd0B6syD+Cc="},"chainType":2,"messageKeys":{}},"BY0YZl87ZGlunwib6kGMo+XfWvWqvD8jRk8dIElEOKdP":{"chainKey":{"counter":-1,"key":"fCHuVj4Ul3BsJdIeqPTOnrZDt7/2bawyMhn3hCXpNPU="},"chainType":1,"messageKeys":{}}}}},"version":"v1"}