{"_sessions":{"BZBrhVCOXxKdZkRafN3MjyzsfcMHqbmv0dmNqN7j4oEj":{"registrationId":1081414048,"currentRatchet":{"ephemeralKeyPair":{"pubKey":"BW/CWEiOelQf4eQqkj2Upsn1eZKpA5EsV7h2hZ6mTkkp","privKey":"KNpz/GfBzX09/ngsX+DcR1lnQAlSlkbP0Rw0/vGNp0Y="},"lastRemoteEphemeralKey":"BcpMSq0Oq1gx0f3S2DphfnZc7pgNlXp7qV3MqFrWq1Eo","previousCounter":0,"rootKey":"ggn3HaCg/7Q64CEXcr3ZbZ/wcR4PZNvzTPqrBSFFWEU="},"indexInfo":{"baseKey":"BZBrhVCOXxKdZkRafN3MjyzsfcMHqbmv0dmNqN7j4oEj","baseKeyType":2,"closed":-1,"used":1750889646593,"created":1750889646593,"remoteIdentityKey":"Be88XJ6kY4JcevUWhC8e6VU4ga5GxrVk6feXwWyorUEZ"},"_chains":{"BcpMSq0Oq1gx0f3S2DphfnZc7pgNlXp7qV3MqFrWq1Eo":{"chainKey":{"counter":0,"key":"xJ5+SDYiN+LP/bc5Ni6iYp8/yapHufzQ5iOIE4XLsT4="},"chainType":2,"messageKeys":{}},"BW/CWEiOelQf4eQqkj2Upsn1eZKpA5EsV7h2hZ6mTkkp":{"chainKey":{"counter":-1,"key":"9bWcFR8dc7GB3Yn/osOfBTPjCMCfv2x8wm8rBojDYWc="},"chainType":1,"messageKeys":{}}}}},"version":"v1"}