{
  "@bot": {
    "639511602879@s.whatsapp.net": {}
  },
  "@users": {
    "639511602879@s.whatsapp.net": {
      "name": "SamNa",
      "banned": false,
      "roles": {
        "rowner": true,
        "owner": true,
        "modr": true,
        "prem": true
      }
    },
    "5216678432366@s.whatsapp.net": {
      "name": "Zeppth",
      "banned": false,
      "roles": {
        "rowner": true,
        "owner": true,
        "modr": true,
        "prem": true
      }
    }
  },
  "@chats": {
    "5216678432366@s.whatsapp.net": {
      "banned": false
    }
  }
}